"키","분류1","분류2","분류3","검색어","명칭","행정 시","행정 구","행정 동"
"BE_IW17-0102","쇼핑/여가/가정","백화점","백화점 일반","월드면세백화점","월드면세백화점","서울특별시","용산구","남영동"
"BE_IW17-0103","쇼핑/여가/가정","백화점","백화점 일반","잡곡종합백화점","잡곡종합백화점","서울특별시","양천구","신정3동"
"BE_IW17-0104","쇼핑/여가/가정","백화점","백화점 일반","청량리현대코아","청량리현대코아","서울특별시","동대문구","청량리동"
"BE_IW17-0105","쇼핑/여가/가정","백화점","백화점 일반","태평백화점","태평백화점","서울특별시","동작구","사당2동"
"BE_IW17-0106","쇼핑/여가/가정","백화점","백화점 일반","행복한백화점","행복한백화점","서울특별시","양천구","목1동"
"BE_IW17-0107","쇼핑/여가/가정","백화점","신세계백화점","신세계백화점","신세계백화점","서울특별시","중구","명동"
"BE_IW17-0108","쇼핑/여가/가정","백화점","신세계백화점","신세계백화점","신세계백화점","서울특별시","영등포구","영등포동"
"BE_IW17-0109","쇼핑/여가/가정","백화점","신세계백화점","신세계백화점","신세계백화점","서울특별시","서초구","반포4동"
"BE_IW17-0110","쇼핑/여가/가정","백화점","신세계백화점","신세계백화점/신관","신세계백화점신관","서울특별시","중구","명동"
"BE_IW17-0111","쇼핑/여가/가정","백화점","롯데백화점","롯데백화점","롯데백화점","서울특별시","강남구","대치4동"
"BE_IW17-0112","쇼핑/여가/가정","백화점","롯데백화점","롯데백화점","롯데백화점","서울특별시","관악구","보라매동"
"BE_IW17-0113","쇼핑/여가/가정","백화점","롯데백화점","롯데백화점","롯데백화점","서울특별시","노원구","상계2동"
"BE_IW17-0114","쇼핑/여가/가정","백화점","롯데백화점","롯데백화점","롯데백화점","서울특별시","송파구","잠실3동"
"BE_IW17-0115","쇼핑/여가/가정","백화점","롯데백화점","롯데백화점","롯데백화점","서울특별시","동대문구","전농1동"
"BE_IW17-0116","쇼핑/여가/가정","백화점","롯데백화점","롯데백화점","롯데백화점","서울특별시","중구","소공동"
"BE_IW17-0117","쇼핑/여가/가정","백화점","롯데백화점","롯데백화점","롯데백화점","서울특별시","광진구","자양3동"
"BE_IW17-0118","쇼핑/여가/가정","백화점","롯데백화점","롯데백화점","롯데백화점","서울특별시","영등포구","영등포본동"
"BE_IW17-0119","쇼핑/여가/가정","백화점","롯데백화점","롯데백화점","롯데백화점","서울특별시","강북구","송중동"
"BE_IW17-0120","쇼핑/여가/가정","백화점","롯데백화점","롯데백화점/김포공항점","롯데백화점김포공항점","서울특별시","강서구","방화2동"
"BE_IW17-0121","쇼핑/여가/가정","백화점","갤러리아백화점","갤러리아백화점/명품관EAST","갤러리아백화점명품관EAST","서울특별시","강남구","압구정동"
"BE_IW17-0122","쇼핑/여가/가정","백화점","갤러리아백화점","갤러리아백화점/명품관WEST","갤러리아백화점명품관WEST","서울특별시","강남구","압구정동"
"BE_IW17-0123","쇼핑/여가/가정","백화점","AK프라자","AK플라자","AK플라자","서울특별시","구로구","구로5동"
"BE_IW17-0124","쇼핑/여가/가정","백화점","현대백화점","현대백화점","현대백화점","서울특별시","강남구","신사동"
"BE_IW17-0125","쇼핑/여가/가정","백화점","현대백화점","현대백화점","현대백화점","서울특별시","강동구","천호2동"
"BE_IW17-0126","쇼핑/여가/가정","백화점","현대백화점","현대백화점","현대백화점","서울특별시","서대문구","신촌동"
"BE_IW17-0127","쇼핑/여가/가정","백화점","현대백화점","현대백화점","현대백화점","서울특별시","양천구","목1동"
"BE_IW17-0128","쇼핑/여가/가정","백화점","현대백화점","현대백화점","현대백화점","서울특별시","강남구","삼성1동"
"BE_IW17-0129","쇼핑/여가/가정","백화점","현대백화점","현대백화점","현대백화점","서울특별시","성북구","길음2동"
"BE_IW17-0130","쇼핑/여가/가정","백화점","현대백화점","현대백화점/유플렉스","현대백화점유플렉스","서울특별시","서대문구","신촌동"
"BE_IW17-0131","쇼핑/여가/가정","백화점","브랜드백화점 기타","NC백화점/강서점","NC백화점강서점","서울특별시","강서구","등촌3동"
"BE_IW17-0132","쇼핑/여가/가정","백화점","브랜드백화점 기타","디큐브백화점","디큐브백화점","서울특별시","구로구","신도림동"
"BE_IW17-0133","쇼핑/여가/가정","아울렛","아울렛 일반","가든파이브","가든파이브","서울특별시","송파구","문정2동"
"BE_IW17-0134","쇼핑/여가/가정","아울렛","아울렛 일반","마리오아울렛/1관","마리오아울렛1관","서울특별시","금천구","가산동"
"BE_IW17-0135","쇼핑/여가/가정","아울렛","아울렛 일반","버블퐁/가산2호점","버블퐁가산2호점","서울특별시","금천구","가산동"
"BE_IW17-0136","쇼핑/여가/가정","아울렛","아울렛 일반","신세계사이먼","신세계사이먼","서울특별시","강남구","청담동"
"BE_IW17-0137","쇼핑/여가/가정","아울렛","아울렛 일반","현대아울렛","현대아울렛","서울특별시","금천구","가산동"
"BE_IW17-0138","쇼핑/여가/가정","아울렛","뉴코아아울렛","뉴코아아울렛/강남점","뉴코아아울렛강남점","서울특별시","서초구","반포3동"
"BE_IW17-0139","쇼핑/여가/가정","아울렛","뉴코아아울렛","뉴코아아울렛/강남점","뉴코아아울렛강남점","서울특별시","서초구","반포3동"
"BE_IW17-0140","쇼핑/여가/가정","아울렛","2001아울렛","2001아울렛/구로점","2001아울렛구로점","서울특별시","구로구","고척1동"
"BE_IW17-0141","쇼핑/여가/가정","아울렛","2001아울렛","2001아울렛/당산점","2001아울렛당산점","서울특별시","영등포구","당산2동"
"BE_IW17-0142","쇼핑/여가/가정","아울렛","2001아울렛","2001아울렛모던하우스/타임스퀘어점","2001아울렛모던하우스타임스퀘어점","서울특별시","영등포구","영등포동"
"BE_IW17-0143","쇼핑/여가/가정","아울렛","2001아울렛","2001아울렛/불광점","2001아울렛불광점","서울특별시","은평구","대조동"
"BE_IW17-0144","쇼핑/여가/가정","아울렛","2001아울렛","이천일아울렛","이천일아울렛","서울특별시","노원구","중계2.3동"
"BE_IW17-0145","쇼핑/여가/가정","아울렛","2001아울렛","프랑코페라도2001아울렛/중계점","프랑코페라도2001아울렛중계점","서울특별시","노원구","중계2.3동"
"BE_IW17-0146","쇼핑/여가/가정","아울렛","2001아울렛","프랑코페라도2001아울렛/중계점","프랑코페라도2001아울렛중계점","서울특별시","노원구","중계2.3동"
"BE_IW17-0147","쇼핑/여가/가정","아울렛","브랜드아울렛 일반","롯데아울렛/서울역점","롯데아울렛서울역점","서울특별시","중구","회현동"
"BE_IW17-0001","쇼핑/여가/가정","할인매장","할인매장 일반","OK할인마트","OK할인마트","서울특별시","양천구","목4동"
"BE_IW17-0002","쇼핑/여가/가정","할인매장","할인매장 일반","뉴마트","뉴마트","서울특별시","동작구","상도2동"
"BE_IW17-0003","쇼핑/여가/가정","할인매장","할인매장 일반","대박할인마트","대박할인마트","서울특별시","영등포구","대림3동"
"BE_IW17-0004","쇼핑/여가/가정","할인매장","할인매장 일반","도영할인마트","도영할인마트","서울특별시","은평구","역촌동"
"BE_IW17-0005","쇼핑/여가/가정","할인매장","할인매장 일반","동원할인마트","동원할인마트","서울특별시","중랑구","면목본동"
"BE_IW17-0006","쇼핑/여가/가정","할인매장","할인매장 일반","마리오/마리오점","마리오마리오점","서울특별시","금천구","가산동"
"BE_IW17-0007","쇼핑/여가/가정","할인매장","할인매장 일반","메가마트","메가마트","서울특별시","동작구","신대방2동"
"BE_IW17-0008","쇼핑/여가/가정","할인매장","할인매장 일반","삼천리자전거/망우점","삼천리자전거망우점","서울특별시","중랑구","망우본동"
"BE_IW17-0009","쇼핑/여가/가정","할인매장","할인매장 일반","신한수퍼","신한수퍼","서울특별시","노원구","상계5동"
"BE_IW17-0010","쇼핑/여가/가정","할인매장","할인매장 일반","엘지할인마트","엘지할인마트","서울특별시","양천구","목2동"
"BE_IW17-0011","쇼핑/여가/가정","할인매장","할인매장 일반","우성할인마트","우성할인마트","서울특별시","강동구","천호1동"
"BE_IW17-0012","쇼핑/여가/가정","할인매장","할인매장 일반","원마트","원마트","서울특별시","관악구","인헌동"
"BE_IW17-0013","쇼핑/여가/가정","할인매장","할인매장 일반","유니클로","유니클로","서울특별시","서초구","양재2동"
"BE_IW17-0014","쇼핑/여가/가정","할인매장","할인매장 일반","진로엠마트","진로엠마트","서울특별시","성북구","월곡1동"
"BE_IW17-0015","쇼핑/여가/가정","할인매장","할인매장 일반","프라임마트","프라임마트","서울특별시","강서구","방화2동"
"BE_IW17-0016","쇼핑/여가/가정","할인매장","홈플러스","홈플러스/가양점","홈플러스가양점","서울특별시","강서구","가양2동"
"BE_IW17-0017","쇼핑/여가/가정","할인매장","홈플러스","홈플러스/강동점","홈플러스강동점","서울특별시","강동구","천호1동"
"BE_IW17-0018","쇼핑/여가/가정","할인매장","홈플러스","홈플러스/강서점","홈플러스강서점","서울특별시","강서구","등촌1동"
"BE_IW17-0019","쇼핑/여가/가정","할인매장","홈플러스","홈플러스/금천점","홈플러스금천점","서울특별시","금천구","독산1동"
"BE_IW17-0020","쇼핑/여가/가정","할인매장","홈플러스","홈플러스/동대문점","홈플러스동대문점","서울특별시","동대문구","용신동"
"BE_IW17-0021","쇼핑/여가/가정","할인매장","홈플러스","홈플러스/면목점","홈플러스면목점","서울특별시","중랑구","면목5동"
"BE_IW17-0022","쇼핑/여가/가정","할인매장","홈플러스","홈플러스/목동점","홈플러스목동점","서울특별시","양천구","목1동"
"BE_IW17-0023","쇼핑/여가/가정","할인매장","홈플러스","홈플러스/방학점","홈플러스방학점","서울특별시","도봉구","방학1동"
"BE_IW17-0024","쇼핑/여가/가정","할인매장","홈플러스","홈플러스/상봉점","홈플러스상봉점","서울특별시","중랑구","상봉1동"
"BE_IW17-0025","쇼핑/여가/가정","할인매장","홈플러스","홈플러스/서울남현점","홈플러스서울남현점","서울특별시","관악구","남현동"
"BE_IW17-0026","쇼핑/여가/가정","할인매장","홈플러스","홈플러스/시흥점","홈플러스시흥점","서울특별시","금천구","시흥1동"
"BE_IW17-0027","쇼핑/여가/가정","할인매장","홈플러스","홈플러스/신내점","홈플러스신내점","서울특별시","중랑구","신내2동"
"BE_IW17-0028","쇼핑/여가/가정","할인매장","홈플러스","홈플러스/신도림점","홈플러스신도림점","서울특별시","구로구","신도림동"
"BE_IW17-0029","쇼핑/여가/가정","할인매장","홈플러스","홈플러스/영등포점","홈플러스영등포점","서울특별시","영등포구","문래동"
"BE_IW17-0030","쇼핑/여가/가정","할인매장","홈플러스","홈플러스/월곡점","홈플러스월곡점","서울특별시","성북구","월곡2동"
"BE_IW17-0031","쇼핑/여가/가정","할인매장","홈플러스","홈플러스/월드컵점","홈플러스월드컵점","서울특별시","마포구","성산2동"
"BE_IW17-0032","쇼핑/여가/가정","할인매장","홈플러스","홈플러스/잠실점","홈플러스잠실점","서울특별시","송파구","잠실6동"
"BE_IW17-0033","쇼핑/여가/가정","할인매장","홈플러스","홈플러스/중계점","홈플러스중계점","서울특별시","노원구","중계2.3동"
"BE_IW17-0034","쇼핑/여가/가정","할인매장","홈플러스","홈플러스/합정점","홈플러스합정점","서울특별시","마포구","합정동"
"BE_IW17-0035","쇼핑/여가/가정","할인매장","이마트","이마트","이마트","서울특별시","도봉구","창5동"
"BE_IW17-0036","쇼핑/여가/가정","할인매장","이마트","이마트","이마트","서울특별시","중랑구","묵1동"
"BE_IW17-0037","쇼핑/여가/가정","할인매장","이마트","이마트","이마트","서울특별시","구로구","구로3동"
"BE_IW17-0038","쇼핑/여가/가정","할인매장","이마트","이마트","이마트","서울특별시","서초구","양재2동"
"BE_IW17-0039","쇼핑/여가/가정","할인매장","이마트","이마트","이마트","서울특별시","용산구","한강로동"
"BE_IW17-0040","쇼핑/여가/가정","할인매장","이마트","이마트","이마트","서울특별시","중랑구","망우본동"
"BE_IW17-0041","쇼핑/여가/가정","할인매장","이마트","이마트","이마트","서울특별시","성북구","월곡1동"
"BE_IW17-0042","쇼핑/여가/가정","할인매장","이마트","이마트","이마트","서울특별시","송파구","문정2동"
"BE_IW17-0043","쇼핑/여가/가정","할인매장","이마트","이마트","이마트","서울특별시","노원구","월계3동"
"BE_IW17-0044","쇼핑/여가/가정","할인매장","이마트","이마트","이마트","서울특별시","동대문구","이문1동"
"BE_IW17-0045","쇼핑/여가/가정","할인매장","이마트","이마트","이마트","서울특별시","영등포구","여의동"
"BE_IW17-0046","쇼핑/여가/가정","할인매장","이마트","이마트","이마트","서울특별시","구로구","구로5동"
"BE_IW17-0047","쇼핑/여가/가정","할인매장","이마트","이마트","이마트","서울특별시","강서구","공항동"
"BE_IW17-0048","쇼핑/여가/가정","할인매장","이마트","이마트","이마트","서울특별시","은평구","수색동"
"BE_IW17-0049","쇼핑/여가/가정","할인매장","이마트","이마트","이마트","서울특별시","중구","황학동"
"BE_IW17-0050","쇼핑/여가/가정","할인매장","이마트","이마트","이마트","서울특별시","성동구","성수2가1동"
"BE_IW17-0051","쇼핑/여가/가정","할인매장","이마트","이마트","이마트","서울특별시","성북구","길음2동"
"BE_IW17-0052","쇼핑/여가/가정","할인매장","이마트","이마트","이마트","서울특별시","양천구","신월5동"
"BE_IW17-0053","쇼핑/여가/가정","할인매장","이마트","이마트","이마트","서울특별시","성동구","행당1동"
"BE_IW17-0054","쇼핑/여가/가정","할인매장","이마트","이마트","이마트","서울특별시","강남구","수서동"
"BE_IW17-0055","쇼핑/여가/가정","할인매장","이마트","이마트","이마트","서울특별시","동작구","사당1동"
"BE_IW17-0056","쇼핑/여가/가정","할인매장","이마트","이마트","이마트","서울특별시","강동구","천호2동"
"BE_IW17-0057","쇼핑/여가/가정","할인매장","이마트","이마트","이마트","서울특별시","양천구","목1동"
"BE_IW17-0058","쇼핑/여가/가정","할인매장","이마트","이마트","이마트","서울특별시","영등포구","영등포동"
"BE_IW17-0059","쇼핑/여가/가정","할인매장","이마트","이마트","이마트","서울특별시","광진구","자양3동"
"BE_IW17-0060","쇼핑/여가/가정","할인매장","이마트","이마트","이마트","서울특별시","강서구","가양3동"
"BE_IW17-0061","쇼핑/여가/가정","할인매장","이마트","이마트","이마트","서울특별시","강동구","명일2동"
"BE_IW17-0062","쇼핑/여가/가정","할인매장","이마트","이마트","이마트","서울특별시","은평구","응암1동"
"BE_IW17-0063","쇼핑/여가/가정","할인매장","이마트","이마트","이마트","서울특별시","강남구","역삼2동"
"BE_IW17-0064","쇼핑/여가/가정","할인매장","이마트","이마트/마포공덕점","이마트마포공덕점","서울특별시","마포구","공덕동"
"BE_IW17-0065","쇼핑/여가/가정","할인매장","이마트","이마트/장안점","이마트장안점","서울특별시","동대문구","장안1동"
"BE_IW17-0066","쇼핑/여가/가정","할인매장","빅마켓","빅마켓/금천점","빅마켓금천점","서울특별시","금천구","독산1동"
"BE_IW17-0067","쇼핑/여가/가정","할인매장","빅마켓","빅마켓/도봉점","빅마켓도봉점","서울특별시","도봉구","방학1동"
"BE_IW17-0068","쇼핑/여가/가정","할인매장","빅마켓","빅마켓/영등포점","빅마켓영등포점","서울특별시","영등포구","영등포동"
"BE_IW17-0069","쇼핑/여가/가정","할인매장","롯데마트","롯데마트/강변점","롯데마트강변점","서울특별시","광진구","구의3동"
"BE_IW17-0070","쇼핑/여가/가정","할인매장","롯데마트","롯데마트/구로점","롯데마트구로점","서울특별시","구로구","구로2동"
"BE_IW17-0071","쇼핑/여가/가정","할인매장","롯데마트","롯데마트/김포공항점","롯데마트김포공항점","서울특별시","강서구","방화2동"
"BE_IW17-0072","쇼핑/여가/가정","할인매장","롯데마트","롯데마트/삼양점","롯데마트삼양점","서울특별시","강북구","삼양동"
"BE_IW17-0073","쇼핑/여가/가정","할인매장","롯데마트","롯데마트/서울역점","롯데마트서울역점","서울특별시","중구","회현동"
"BE_IW17-0074","쇼핑/여가/가정","할인매장","롯데마트","롯데마트/송파점","롯데마트송파점","서울특별시","송파구","문정2동"
"BE_IW17-0075","쇼핑/여가/가정","할인매장","롯데마트","롯데마트/잠실점","롯데마트잠실점","서울특별시","송파구","잠실3동"
"BE_IW17-0076","쇼핑/여가/가정","할인매장","롯데마트","롯데마트/중계점","롯데마트중계점","서울특별시","노원구","중계1동"
"BE_IW17-0077","쇼핑/여가/가정","할인매장","롯데마트","롯데마트/청량리점","롯데마트청량리점","서울특별시","동대문구","전농1동"
"BE_IW17-0078","쇼핑/여가/가정","할인매장","롯데마트","롯데마트/행당역점","롯데마트행당역점","서울특별시","성동구","행당2동"
"BE_IW17-0079","쇼핑/여가/가정","할인매장","농협하나로마트","농협하나로마트","농협하나로마트","서울특별시","마포구","서교동"
"BE_IW17-0080","쇼핑/여가/가정","할인매장","농협하나로마트","농협/하나로마트","농협하나로마트","서울특별시","송파구","마천2동"
"BE_IW17-0081","쇼핑/여가/가정","할인매장","농협하나로마트","농협하나로마트","농협하나로마트","서울특별시","양천구","신정4동"
"BE_IW17-0082","쇼핑/여가/가정","할인매장","농협하나로마트","농협/하나로마트","농협하나로마트","서울특별시","강동구","성내1동"
"BE_IW17-0083","쇼핑/여가/가정","할인매장","농협하나로마트","농협하나로마트/강동농협성내점","농협하나로마트강동농협성내점","서울특별시","강동구","성내1동"
"BE_IW17-0084","쇼핑/여가/가정","할인매장","농협하나로마트","농협하나로마트/농협외식사업센터","농협하나로마트농협외식사업센터","서울특별시","영등포구","당산1동"
"BE_IW17-0085","쇼핑/여가/가정","할인매장","농협하나로마트","농협하나로마트/서울경기양돈농협지점","농협하나로마트서울경기양돈농협지점","서울특별시","강동구","천호2동"
"BE_IW17-0086","쇼핑/여가/가정","할인매장","농협하나로클럽","하나로클럽/목동점","하나로클럽목동점","서울특별시","양천구","목1동"
"BE_IW17-0087","쇼핑/여가/가정","할인매장","농협하나로클럽","하나로클럽/신촌점","하나로클럽신촌점","서울특별시","마포구","서교동"
"BE_IW17-0088","쇼핑/여가/가정","할인매장","농협하나로클럽","하나로클럽/양재점","하나로클럽양재점","서울특별시","서초구","양재2동"
"BE_IW17-0089","쇼핑/여가/가정","할인매장","농협하나로클럽","하나로클럽/용산점","하나로클럽용산점","서울특별시","용산구","한강로동"
"BE_IW17-0090","쇼핑/여가/가정","할인매장","농협하나로클럽","하나로클럽/창동점","하나로클럽창동점","서울특별시","도봉구","창4동"
"BE_IW17-0091","쇼핑/여가/가정","할인매장","코스트코","코스트코세일/상봉점","코스트코세일상봉점","서울특별시","중랑구","상봉2동"
"BE_IW17-0092","쇼핑/여가/가정","할인매장","코스트코","코스트코세일/양재점","코스트코세일양재점","서울특별시","서초구","양재2동"
"BE_IW17-0093","쇼핑/여가/가정","할인매장","코스트코","코스트코세일/양평점","코스트코세일양평점","서울특별시","영등포구","양평1동"
"BE_IW17-0094","쇼핑/여가/가정","할인매장","코스트코","코스트코/양평점","코스트코양평점","서울특별시","영등포구","양평1동"
"BE_IW17-0095","쇼핑/여가/가정","할인매장","브랜드할인매장 기타","강변/테크노마트","강변테크노마트","서울특별시","광진구","구의3동"
"BE_IW17-0096","쇼핑/여가/가정","백화점","백화점 일반","건영/옴니백화점","건영옴니백화점","서울특별시","노원구","중계2.3동"
"BE_IW17-0097","쇼핑/여가/가정","백화점","백화점 일반","경방/타임스퀘어","경방타임스퀘어","서울특별시","영등포구","영등포동"
"BE_IW17-0098","쇼핑/여가/가정","백화점","백화점 일반","동방백화점","동방백화점","서울특별시","동대문구","제기동"
"BE_IW17-0099","쇼핑/여가/가정","백화점","백화점 일반","선플라자백화점","선플라자백화점","서울특별시","영등포구","대림1동"
"BE_IW17-0100","쇼핑/여가/가정","백화점","백화점 일반","세운백화점","세운백화점","서울특별시","종로구","종로1.2.3.4가동"
"BE_IW17-0101","쇼핑/여가/가정","백화점","백화점 일반","여의도백화점","여의도백화점","서울특별시","영등포구","여의동"